{"saccharomyces_cerevisiae":0.120157,"drosophila_melanogaster":0.274901,"caenorhabditis_elegans":0.308933,"ciona_intestinalis":0.31359993,"ciona_savignyi":0.31713393,"eptatretus_burgeri":0.30067467,"petromyzon_marinus":0.34135267,"latimeria_chalumnae":0.312126068,"ornithorhynchus_anatinus":0.332994916,"phascolarctos_cinereus":0.329092546,"vombatus_ursinus":0.326914146,"notamacropus_eugenii":0.333192146,"sarcophilus_harrisii":0.323872646,"monodelphis_domestica":0.330314056,"loxodonta_africana":0.329456456,"procavia_capensis":0.343062656,"echinops_telfairi":0.346558556,"dasypus_novemcinctus":0.334501856,"choloepus_hoffmanni":0.334973656,"ochotona_princeps":0.347505088,"oryctolagus_cuniculus":0.335094088,"cavia_aperea":0.347308908,"cavia_porcellus":0.343073928,"chinchilla_lanigera":0.339644408,"octodon_degus":0.340415938,"heterocephalus_glaber_female":0.339681087,"heterocephalus_glaber_male":0.339908229,"fukomys_damarensis":0.340493858,"urocitellus_parryii":0.332410307,"spermophilus_dauricus":0.333380307,"ictidomys_tridecemlineatus":0.333484698,"marmota_marmota_marmota":0.332580958,"sciurus_vulgaris":0.333834558,"dipodomys_ordii":0.336327018,"castor_canadensis":0.338238018,"jaculus_jaculus":0.337444808,"nannospalax_galili":0.340858048,"cricetulus_griseus_chok1gshd":0.343441767,"cricetulus_griseus_crigri":0.343817871,"cricetulus_griseus_picr":0.342997017,"mesocricetus_auratus":0.347099818,"peromyscus_maniculatus_bairdii":0.342331618,"microtus_ochrogaster":0.345089848,"meriones_unguiculatus":0.341189901,"rattus_norvegicus":0.343982201,"mus_pahari":0.340700201,"mus_caroli":0.341490801,"mus_spretus":0.342024011,"mus_spicilegus":0.341598491,"mus_musculus_casteij":0.342706921,"mus_musculus_pwkphj":0.343356722,"mus_musculus_wsbeij":0.342670772,"mus_musculus_c57bl6nj":0.342998795,"mus_musculus":0.342298649,"mus_musculus_nzohlltj":0.342873514,"mus_musculus_c3hhej":0.343018851,"mus_musculus_cbaj":0.343133591,"mus_musculus_dba2j":0.34356798,"mus_musculus_aj":0.3424411183,"mus_musculus_balbcj":0.3430733263,"mus_musculus_akrj":0.342369289,"mus_musculus_fvbnj":0.342740369,"mus_musculus_nodshiltj":0.343356632,"mus_musculus_lpj":0.342712234,"mus_musculus_129s1svimj":0.342591844,"tupaia_belangeri":0.331128956,"pan_paniscus":0.3293043629,"pan_troglodytes":0.3281142629,"homo_sapiens":0.3282243729,"gorilla_gorilla":0.3283465829,"pongo_abelii":0.3285139629,"nomascus_leucogenys":0.3282204829,"cercocebus_atys":0.3273209729,"mandrillus_leucophaeus":0.3284085129,"theropithecus_gelada":0.3276442129,"papio_anubis":0.3276209929,"macaca_mulatta":0.3274912659,"macaca_fascicularis":0.3273603859,"macaca_nemestrina":0.3286079629,"chlorocebus_sabaeus":0.3276075729,"piliocolobus_tephrosceles":0.3270986929,"colobus_angolensis_palliatus":0.3286307329,"rhinopithecus_roxellana":0.3275387729,"rhinopithecus_bieti":0.3284673729,"saimiri_boliviensis_boliviensis":0.3324907129,"cebus_capucinus":0.3323735129,"callithrix_jacchus":0.3336910829,"aotus_nancymaae":0.3288118829,"carlito_syrichta":0.3317615829,"prolemur_simus":0.329142016,"propithecus_coquereli":0.330192216,"microcebus_murinus":0.328018496,"otolemur_garnettii":0.333570296,"erinaceus_europaeus":0.331873956,"sorex_araneus":0.338791956,"rhinolophus_ferrumequinum":0.336523736,"myotis_lucifugus":0.340502936,"pteropus_vampyrus":0.335510136,"equus_caballus":0.336388016,"equus_asinus_asinus":0.336674936,"vicugna_pacos":0.339828946,"camelus_dromedarius":0.336217546,"ovis_aries":0.340981916,"ovis_aries_rambouillet":0.340720196,"capra_hircus_blackbengal":0.343321526,"capra_hircus":0.341149906,"bos_taurus_hybrid":0.341312386,"bos_indicus_hybrid":0.341183266,"bos_taurus":0.340479136,"bos_mutus":0.341084746,"bos_grunniens":0.341326686,"bison_bison_bison":0.340442646,"moschus_moschiferus":0.342645066,"cervus_hanglu_yarkandensis":0.339613846,"delphinapterus_leucas":0.33455122647,"monodon_monoceros":0.33399028647,"phocoena_sinus":0.33465485647,"tursiops_truncatus":0.33533956647,"physeter_catodon":0.33335897647,"balaenoptera_musculus":0.332069946,"catagonus_wagneri":0.334669946,"sus_scrofa_meishan":0.334190006,"sus_scrofa_jinhua":0.334057026,"sus_scrofa_rongchang":0.333934252,"sus_scrofa_tibetan":0.334039488,"sus_scrofa_bamei":0.333720608,"sus_scrofa_wuzhishan":0.334151669,"sus_scrofa":0.333628631,"sus_scrofa_usmarc":0.333914791,"sus_scrofa_pietrain":0.3335796997,"sus_scrofa_largewhite":0.3334167797,"sus_scrofa_landrace":0.3334956631,"sus_scrofa_berkshire":0.3337383481,"sus_scrofa_hampshire":0.3334237681,"ursus_maritimus":0.332187089,"ursus_americanus":0.332598509,"ursus_thibetanus_thibetanus":0.331850016,"ailuropoda_melanoleuca":0.332499406,"zalophus_californianus":0.330736806,"neovison_vison":0.332217376,"mustela_putorius_furo":0.332201576,"canis_lupus_familiaris":0.3300009423,"canis_lupus_familiarisgreatdane":0.3297115603,"canis_lupus_familiarisbasenji":0.3295587443,"canis_lupus_dingo":0.329571346,"vulpes_vulpes":0.330282346,"lynx_canadensis":0.329353036,"felis_catus":0.329753236,"panthera_leo":0.329187556,"panthera_pardus":0.329546396,"panthera_tigris_altaica":0.330214356,"suricata_suricatta":0.335081356,"anolis_carolinensis":0.347792972,"pogona_vitticeps":0.347564972,"varanus_komodoensis":0.351477972,"notechis_scutatus":0.338760572,"pseudonaja_textilis":0.339751572,"laticauda_laticaudata":0.342777502,"naja_naja":0.343410672,"podarcis_muralis":0.341117942,"salvator_merianae":0.341807942,"sphenodon_punctatus":0.339888572,"gopherus_evgoodei":0.347905878,"gopherus_agassizii":0.348266718,"chelonoidis_abingdonii":0.347907898,"terrapene_carolina_triunguis":0.343065398,"chrysemys_picta_bellii":0.346470998,"chelydra_serpentina":0.343524378,"pelodiscus_sinensis":0.349717478,"pelusios_castaneus":0.347065638,"apteryx_owenii":0.339642528,"apteryx_haastii":0.340370808,"apteryx_rowi":0.339553668,"dromaius_novaehollandiae":0.341014468,"struthio_camelus_australis":0.341803468,"nothoprocta_perdicaria":0.339349768,"gallus_gallus":0.344165071,"pavo_cristatus":0.353713071,"phasianus_colchicus":0.344779021,"chrysolophus_pictus":0.345193621,"meleagris_gallopavo":0.344425721,"coturnix_japonica":0.338777821,"numida_meleagris":0.342398358,"anas_platyrhynchos":0.330580448,"anas_platyrhynchos_platyrhynchos":0.330885668,"anas_zonorhyncha":0.331200068,"cairina_moschata_domestica":0.331015258,"anser_brachyrhynchus":0.333420338,"anser_cygnoides":0.333556378,"strix_occidentalis_caurina":0.342909488,"bubo_bubo":0.343668488,"otus_sunia":0.342599388,"athene_cunicularia":0.343160988,"buteo_japonicus":0.342423538,"accipiter_nisus":0.342853938,"aquila_chrysaetos_chrysaetos":0.340747888,"falco_tinnunculus":0.343797688,"calidris_pugnax":0.340459888,"calidris_pygmaea":0.341540088,"strigops_habroptila":0.350445978,"amazona_collaria":0.351359978,"melopsittacus_undulatus":0.351632778,"manacus_vitellinus":0.344631478,"lepidothrix_coronata":0.343431678,"malurus_cyaneus_samueli":0.342280368,"corvus_moneduloides":0.346428368,"stachyris_ruficeps":0.347333318,"zosterops_lateralis_melanops":0.343328318,"parus_major":0.342594418,"cyanistes_caeruleus":0.342114618,"junco_hyemalis":0.347208518,"zonotrichia_albicollis":0.345927318,"geospiza_fortis":0.347407048,"camarhynchus_parvulus":0.345134388,"taeniopygia_guttata":0.348360248,"lonchura_striata_domestica":0.347539448,"erythrura_gouldiae":0.349670618,"serinus_canaria":0.347829018,"catharus_ustulatus":0.344121168,"ficedula_albicollis":0.343463568,"crocodylus_porosus":0.345178368,"xenopus_tropicalis":0.338275268,"leptobrachium_leishanense":0.323647268,"erpetoichthys_calabaricus":0.308501568,"lepisosteus_oculatus":0.337177908,"paramormyrops_kingsleyae":0.322663148,"scleropages_formosus":0.317491148,"denticeps_clupeoides":0.318490728,"clupea_harengus":0.302344728,"astyanax_mexicanus":0.302717248,"astyanax_mexicanus_pachon":0.306490428,"pygocentrus_nattereri":0.309382638,"electrophorus_electricus":0.312093238,"ictalurus_punctatus":0.300036518,"sinocyclocheilus_rhinocerous":0.303330508,"sinocyclocheilus_anshuiensis":0.303311908,